Time (years),Wind Speed (m/s)
2016,22.1808306
2016.001,7.748612354
2016.002001,9.345657995
2016.003001,11.12147861
2016.004001,7.632247143
2016.005002,7.657411004
2016.006002,11.30923661
2016.007002,9.710800537
2016.008003,7.262095459
2016.009003,9.311269528
2016.010003,7.324410331
2016.011004,7.34487256
2016.012004,8.785332044
2016.013004,4.499910538
2016.014005,4.901685993
2016.015005,7.251983342
2016.016005,6.375918027
2016.017006,9.055080936
2016.018006,6.635527271
2016.019006,5.651939331
2016.020007,11.43279676
2016.021007,8.074879293
2016.022007,8.686400181
2016.023008,5.726737497
2016.024008,7.512335753
2016.025008,8.847789969
2016.026009,6.348776494
2016.027009,9.426952836
2016.028009,7.499045883
2016.02901,8.141674561
2016.03001,7.54635899
2016.03101,12.47900912
2016.032011,8.77210824
2016.033011,6.708299204
2016.034011,10.49339672
2016.035012,6.431171912
2016.036012,9.31510424
2016.037012,5.002519189
2016.038013,6.289933308
2016.039013,9.364436463
2016.040013,10.47201739
2016.041014,9.362151719
2016.042014,8.812409247
2016.043014,8.465747845
2016.044015,6.135118491
2016.045015,7.676638145
2016.046015,8.21916901
2016.047016,11.27876594
2016.048016,9.875787001
2016.049016,5.686452091
2016.050017,9.88463442
2016.051017,8.490187153
2016.052017,7.930343157
2016.053018,10.53132445
2016.054018,11.39370396
2016.055018,11.21794558
2016.056019,7.700577185
2016.057019,8.784159891
2016.058019,10.08862851
2016.05902,11.40065257
2016.06002,8.514617236
2016.06102,9.12499297
2016.062021,7.306927076
2016.063021,7.150409845
2016.064021,11.19103986
2016.065022,12.30157153
2016.066022,9.468111708
2016.067022,11.64217454
2016.068023,10.381293
2016.069023,8.390628136
2016.070023,10.42643915
2016.071024,12.80243407
2016.072024,9.677353658
2016.073024,12.90086875
2016.074025,4.554596948
2016.075025,11.46032701
2016.076025,10.01297922
2016.077026,9.263160817
2016.078026,10.06691398
2016.079026,5.93039711
2016.080027,9.488258396
2016.081027,10.6638184
2016.082027,12.92729541
2016.083028,8.956803064
2016.084028,8.39811373
2016.085028,9.033264677
2016.086029,11.88918037
2016.087029,10.7373944
2016.088029,9.041805662
2016.08903,11.14921181
2016.09003,10.33809906
2016.09103,12.10241627
2016.092031,8.782116888
2016.093031,9.551909207
2016.094031,9.443940423
2016.095032,7.321962039
2016.096032,10.86197885
2016.097032,10.81250554
2016.098033,10.32118812
2016.099033,9.862261859
2016.100033,7.52107746
2016.101034,9.530818209
2016.102034,9.706876023
2016.103034,8.807852211
2016.104035,10.10984172
2016.105035,11.26042516
2016.106035,14.24450867
2016.107036,10.84100825
2016.108036,11.02657073
2016.109036,10.38209623
2016.110037,6.712863751
2016.111037,10.5166958
2016.112037,10.70939982
2016.113038,15.53453721
2016.114038,10.2423416
2016.115038,11.24906498
2016.116039,10.595349
2016.117039,8.346113431
2016.118039,12.98770609
2016.11904,12.22441075
2016.12004,12.32098531
2016.12104,22.12581735
2016.122041,13.5809382
2016.123041,7.989697435
2016.124041,11.98505338
2016.125042,15.21007901
2016.126042,8.865811907
2016.127042,9.731893434
2016.128043,11.0812828
2016.129043,9.892406086
2016.130043,7.815293318
2016.131044,11.0708937
2016.132044,8.826191989
2016.133044,11.91489938
2016.134045,9.145663907
2016.135045,14.10106114
2016.136045,9.451247147
2016.137046,10.39007288
2016.138046,12.67755267
2016.139046,8.604991406
2016.140047,11.53772057
2016.141047,13.71304508
2016.142047,7.89962956
2016.143048,11.49957716
2016.144048,11.66566479
2016.145048,12.72501042
2016.146049,8.702803848
2016.147049,8.551007139
2016.148049,12.2508925
2016.14905,11.81594102
2016.15005,11.7377924
2016.15105,11.94441027
2016.152051,9.906043116
2016.153051,11.74504963
2016.154051,11.88100727
2016.155052,9.880349409
2016.156052,15.05466047
2016.157052,12.28470521
2016.158053,8.968228462
2016.159053,12.67760639
2016.160053,9.42866664
2016.161054,12.96559655
2016.162054,13.72188188
2016.163054,9.776454962
2016.164055,13.35756572
2016.165055,12.26923364
2016.166055,13.10051439
2016.167056,15.26256578
2016.168056,10.99065228
2016.169056,9.986267356
2016.170057,9.726883975
2016.171057,9.886326915
2016.172057,11.37563974
2016.173058,12.22390334
2016.174058,12.10659731
2016.175058,13.21905816
2016.176059,11.60203058
2016.177059,14.49428881
2016.178059,11.06895914
2016.17906,17.04952114
2016.18006,12.87128492
2016.18106,9.91625953
2016.182061,9.499270639
2016.183061,12.61633762
2016.184061,11.21466013
2016.185062,13.09963494
2016.186062,12.62801241
2016.187062,11.54563711
2016.188063,10.00731945
2016.189063,8.680678184
2016.190063,10.8266619
2016.191064,13.44166162
2016.192064,12.16607643
2016.193064,9.255288642
2016.194065,12.10185729
2016.195065,12.53471108
2016.196065,10.00479363
2016.197066,12.08824186
2016.198066,11.90534288
2016.199066,9.510968956
2016.200067,12.52031839
2016.201067,12.93399653
2016.202067,13.98606317
2016.203068,13.93494708
2016.204068,9.079235338
2016.205068,9.966003609
2016.206069,12.87865207
2016.207069,12.88292926
2016.208069,12.89207624
2016.20907,19.57391479
2016.21007,13.01655095
2016.21107,14.15206627
2016.212071,13.79495025
2016.213071,13.19558741
2016.214071,11.26797082
2016.215072,13.42199814
2016.216072,10.36380543
2016.217072,11.44106037
2016.218073,10.94905756
2016.219073,12.08846516
2016.220073,16.55881119
2016.221074,8.199585618
2016.222074,13.31110291
2016.223074,8.717461728
2016.224075,11.00318491
2016.225075,14.12894909
2016.226075,12.0834511
2016.227076,9.803088429
2016.228076,10.53150111
2016.229076,13.32467805
2016.230077,23.69536895
2016.231077,12.40467769
2016.232077,25.25321017
2016.233078,10.67421016
2016.234078,16.26788858
2016.235078,13.25027076
2016.236079,7.934422526
2016.237079,12.3597339
2016.238079,10.66521242
2016.23908,13.69545452
2016.24008,10.40719122
2016.24108,11.76424696
2016.242081,13.00502377
2016.243081,13.72773115
2016.244081,9.596641623
2016.245082,11.32908774
2016.246082,11.04889741
2016.247082,10.69266942
2016.248083,15.53061823
2016.249083,12.80989703
2016.250083,9.478231543
2016.251084,13.83563117
2016.252084,16.24396948
2016.253084,14.06417941
2016.254085,8.959942767
2016.255085,11.0294904
2016.256085,27.71830105
2016.257086,10.58069753
2016.258086,12.88247746
2016.259086,13.54275104
2016.260087,10.13810856
2016.261087,11.87124766
2016.262087,5.505934928
2016.263088,9.937707995
2016.264088,11.47920316
2016.265088,9.486471885
2016.266089,15.24440233
2016.267089,9.116681235
2016.268089,11.09410217
2016.26909,12.23274246
2016.27009,14.85072116
2016.27109,9.093206789
2016.272091,14.28785848
2016.273091,11.97844048
2016.274091,9.991244074
2016.275092,12.87459914
2016.276092,12.34448633
2016.277092,10.74175204
2016.278093,12.07745308
2016.279093,11.16272927
2016.280093,12.15574333
2016.281094,13.24816695
2016.282094,15.09098119
2016.283094,9.438203698
2016.284095,16.17463397
2016.285095,7.998969738
2016.286095,11.59399907
2016.287096,13.06847363
2016.288096,12.44793916
2016.289096,10.63451908
2016.290097,11.45748304
2016.291097,10.88138206
2016.292097,10.68215802
2016.293098,13.55344282
2016.294098,12.56146842
2016.295098,10.45466509
2016.296099,13.63257915
2016.297099,12.44072213
2016.298099,13.44443986
2016.2991,13.07041498
2016.3001,10.14545839
2016.3011,10.67522719
2016.302101,13.2821674
2016.303101,13.00016202
2016.304101,11.72931029
2016.305102,11.99731126
2016.306102,14.30938065
2016.307102,10.56215415
2016.308103,12.8305898
2016.309103,11.32296024
2016.310103,11.2827864
2016.311104,13.90635888
2016.312104,13.35014774
2016.313104,13.31669803
2016.314105,14.29085433
2016.315105,11.71197699
2016.316105,13.02380285
2016.317106,11.02914642
2016.318106,12.28765149
2016.319106,11.36852775
2016.320107,11.81215751
2016.321107,12.79768841
2016.322107,9.959999273
2016.323108,15.77013939
2016.324108,9.562112641
2016.325108,9.134411547
2016.326109,13.86751114
2016.327109,13.12297511
2016.328109,12.77610985
2016.32911,12.77264237
2016.33011,11.47940004
2016.33111,9.697188652
2016.332111,11.63097239
2016.333111,10.11256827
2016.334111,13.40452263
2016.335112,11.1474234
2016.336112,9.77766282
2016.337112,10.77286913
2016.338113,12.22835239
2016.339113,10.26175463
2016.340113,9.731343308
2016.341114,11.84960553
2016.342114,11.83847843
2016.343114,10.32084083
2016.344115,10.37870073
2016.345115,11.7707962
2016.346115,8.396315984
2016.347116,8.463215395
2016.348116,9.826783277
2016.349116,10.82217726
2016.350117,11.85615819
2016.351117,14.17019921
2016.352117,12.91982256
2016.353118,10.8695162
2016.354118,11.13612479
2016.355118,9.153737028
2016.356119,11.10628325
2016.357119,10.55038184
2016.358119,11.75740227
2016.35912,9.441646356
2016.36012,12.11882206
2016.36112,14.12950596
2016.362121,10.8302859
2016.363121,11.8348873
2016.364121,12.39528974
2016.365122,10.19597961
2016.366122,11.42990587
2016.367122,10.99008826
2016.368123,24.33072337
2016.369123,9.384898282
2016.370123,10.96277138
2016.371124,11.89246569
2016.372124,26.96876227
2016.373124,12.78010433
2016.374125,15.15030446
2016.375125,9.291508944
2016.376125,12.55299822
2016.377126,11.15708289
2016.378126,15.15193644
2016.379126,9.137556179
2016.380127,9.056422441
2016.381127,9.51868613
2016.382127,6.451177916
2016.383128,9.628850643
2016.384128,9.143380799
2016.385128,10.94361398
2016.386129,11.30741425
2016.387129,14.3572162
2016.388129,12.48659152
2016.38913,9.412703708
2016.39013,8.750347462
2016.39113,11.51158031
2016.392131,7.867740853
2016.393131,14.15149102
2016.394131,12.82772163
2016.395132,9.510660462
2016.396132,7.002816337
2016.397132,13.11680781
2016.398133,10.15986587
2016.399133,12.84436631
2016.400133,7.15957292
2016.401134,9.129279967
2016.402134,10.31802722
2016.403134,10.38091966
2016.404135,9.366155831
2016.405135,11.49122541
2016.406135,8.089434756
2016.407136,9.918978826
2016.408136,10.42330418
2016.409136,11.19047948
2016.410137,11.56363507
2016.411137,7.869840082
2016.412137,7.029531156
2016.413138,12.6316655
2016.414138,10.71941022
2016.415138,8.536198285
2016.416139,13.11378415
2016.417139,10.22105885
2016.418139,12.32645473
2016.41914,10.08097036
2016.42014,14.04542541
2016.42114,13.41253141
2016.422141,9.381766458
2016.423141,11.80060743
2016.424141,11.12591482
2016.425142,12.55005093
2016.426142,7.86049418
2016.427142,11.13992658
2016.428143,11.86208535
2016.429143,6.205101179
2016.430143,7.333338851
2016.431144,5.598600093
2016.432144,9.1153931
2016.433144,11.06636825
2016.434145,12.61301037
2016.435145,9.733434824
2016.436145,12.81936272
2016.437146,6.778753373
2016.438146,6.108955272
2016.439146,9.381328737
2016.440147,10.23720006
2016.441147,9.380266656
2016.442147,5.287301833
2016.443148,9.220419652
2016.444148,6.766139174
2016.445148,10.6907874
2016.446149,10.06094952
2016.447149,7.424251741
2016.448149,8.252484247
2016.44915,7.13794723
2016.45015,9.10712264
2016.45115,11.11882335
2016.452151,7.213096742
2016.453151,23.35600749
2016.454151,8.07591442
2016.455152,7.526556586
2016.456152,8.874070183
2016.457152,6.993431925
2016.458153,7.932361596
2016.459153,6.619606987
2016.460153,12.92047549
2016.461154,9.037175634
2016.462154,7.542782631
2016.463154,9.345741363
2016.464155,8.66863708
2016.465155,8.426830329
2016.466155,10.07254496
2016.467156,10.33463565
2016.468156,7.733994237
2016.469156,7.618704944
2016.470157,8.195552492
2016.471157,4.117098561
2016.472157,5.66581529
2016.473158,11.40517497
2016.474158,11.93656436
2016.475158,8.123733803
2016.476159,9.750072195
2016.477159,9.194587383
2016.478159,14.7049549
2016.47916,10.76142769
2016.48016,8.241506638
2016.48116,6.561305248
2016.482161,5.234519135
2016.483161,8.829347019
2016.484161,6.884709541
2016.485162,5.527879197
2016.486162,7.054201722
2016.487162,6.159198635
2016.488163,11.67151233
2016.489163,10.03543125
2016.490163,8.231118384
2016.491164,11.18185411
2016.492164,8.351595846
2016.493164,6.449176449
2016.494165,11.19287184
2016.495165,9.199316819
2016.496165,6.021872667
2016.497166,7.690552057
2016.498166,6.294854529
2016.499166,5.255351377
2016.500167,9.848164909
2016.501167,11.78950224
2016.502167,5.148394106
2016.503168,9.046330178
2016.504168,6.593972162
2016.505168,6.895876267
2016.506169,6.66021405
2016.507169,6.091901347
2016.508169,7.891814245
2016.50917,6.107766967
2016.51017,8.285486161
2016.51117,7.61901169
2016.512171,7.216518297
2016.513171,5.854225621
2016.514171,6.4907619
2016.515172,9.13005268
2016.516172,8.596085312
2016.517172,5.614137184
2016.518173,7.742926038
2016.519173,9.022067431
2016.520173,4.15553337
2016.521174,8.55613504
2016.522174,6.119258822
2016.523174,8.560817305
2016.524175,19.05564051
2016.525175,3.760152789
2016.526175,4.090017472
2016.527176,7.41648347
2016.528176,7.81499666
2016.529176,5.462184315
2016.530177,8.523297197
2016.531177,3.898396652
2016.532177,7.064632432
2016.533178,4.750146614
2016.534178,5.843926485
2016.535178,7.217849403
2016.536179,5.377713334
2016.537179,6.304952592
2016.538179,9.062209493
2016.53918,5.871437875
2016.54018,8.672242085
2016.54118,4.717119869
2016.542181,8.011858084
2016.543181,9.81114451
2016.544181,1.960518157
2016.545182,5.28585984
2016.546182,8.009682058
2016.547182,6.425379696
2016.548183,7.549741042
2016.549183,5.575504859
2016.550183,6.932728804
2016.551184,6.424317758
2016.552184,9.047409299
2016.553184,7.196910697
2016.554185,7.339549996
2016.555185,5.816919166
2016.556185,5.641842776
2016.557186,5.728375608
2016.558186,7.358888591
2016.559186,5.704564159
2016.560187,7.102689068
2016.561187,10.65060553
2016.562187,8.218777178
2016.563188,5.801264732
2016.564188,8.832584767
2016.565188,5.590913319
2016.566189,2.307785065
2016.567189,4.344895423
2016.568189,2.596582857
2016.56919,5.612304035
2016.57019,6.329398618
2016.57119,9.622734792
2016.572191,6.901081572
2016.573191,5.786461666
2016.574191,7.86097992
2016.575192,1.757475195
2016.576192,6.628623894
2016.577192,7.676846922
2016.578193,3.15573947
2016.579193,8.378290024
2016.580193,6.745720151
2016.581194,5.216173202
2016.582194,7.290411618
2016.583194,10.54441048
2016.584195,6.345013052
2016.585195,6.456057236
2016.586195,5.019310391
2016.587196,4.216841035
2016.588196,7.555781297
2016.589196,4.161605055
2016.590197,5.995652221
2016.591197,4.876036727
2016.592197,6.768228818
2016.593198,6.456597428
2016.594198,7.84344449
2016.595198,4.727511348
2016.596199,5.187062802
2016.597199,3.74864357
2016.598199,4.797033426
2016.5992,6.419761306
2016.6002,7.158770164
2016.6012,16.96759023
2016.602201,7.343549918
2016.603201,8.29552793
2016.604201,6.391131586
2016.605202,9.297959195
2016.606202,3.976991971
2016.607202,3.015561553
2016.608203,1.927829622
2016.609203,8.457857245
2016.610203,6.755098552
2016.611204,5.315897394
2016.612204,5.967805128
2016.613204,3.137793322
2016.614205,10.26128207
2016.615205,5.60933108
2016.616205,5.550893559
2016.617206,6.764957867
2016.618206,6.256869864
2016.619206,5.724153095
2016.620207,3.677077378
2016.621207,6.182712566
2016.622207,8.985683449
2016.623208,7.894442911
2016.624208,8.372054906
2016.625208,4.145440311
2016.626209,3.170963918
2016.627209,4.881014193
2016.628209,5.226565609
2016.62921,7.286140539
2016.63021,1.695584613
2016.63121,8.122486214
2016.632211,4.73035749
2016.633211,4.175715542
2016.634211,2.988490675
2016.635212,14.87372813
2016.636212,6.625838776
2016.637212,5.109711293
2016.638213,2.366851282
2016.639213,2.340433876
2016.640213,4.242961617
2016.641214,8.236635552
2016.642214,4.363593804
2016.643214,1.86079775
2016.644215,4.360028443
2016.645215,4.290622726
2016.646215,0
2016.647216,4.696966296
2016.648216,4.328619043
2016.649216,6.167959699
2016.650217,8.458645405
2016.651217,6.999177486
2016.652217,4.193712804
2016.653218,2.504010247
2016.654218,9.849483242
2016.655218,4.80703233
2016.656219,4.702416688
2016.657219,4.612401943
2016.658219,5.043047571
2016.65922,17.53191792
2016.66022,3.472403831
2016.66122,3.512634897
2016.662221,4.52760524
2016.663221,3.493155826
2016.664221,3.141342496
2016.665222,4.767058828
2016.666222,4.031544375
2016.667222,7.53692185
2016.668223,12.40197274
2016.669223,6.687235563
2016.670223,6.984242144
2016.671224,0.333279774
2016.672224,3.782812583
2016.673224,3.713573095
2016.674225,1.62983848
2016.675225,2.877775981
2016.676225,2.200946049
2016.677226,7.915468354
2016.678226,6.271255765
2016.679226,6.932122902
2016.680227,5.821613223
2016.681227,2.109565011
2016.682227,3.308170973
2016.683228,5.325647488
2016.684228,1.892473921
2016.685228,5.752702289
2016.686229,3.836175634
2016.687229,3.55745132
2016.688229,5.719425263
2016.68923,5.176590606
2016.69023,3.556836947
2016.69123,6.588281187
2016.692231,2.098494593
2016.693231,5.483639853
2016.694231,5.429266619
2016.695232,3.615415104
2016.696232,4.878366662
2016.697232,1.715615185
2016.698233,6.05778751
2016.699233,3.831970065
2016.700233,3.148519211
2016.701234,6.284324974
2016.702234,2.770111069
2016.703234,1.354518741
2016.704235,1.050977116
2016.705235,5.369201026
2016.706235,1.589419887
2016.707236,7.653116506
2016.708236,0
2016.709236,7.523397286
2016.710237,4.546226856
2016.711237,3.924626182
2016.712237,3.022228071
2016.713238,4.904505904
2016.714238,4.025285522
2016.715238,6.301633989
2016.716239,4.318115085
2016.717239,4.38504735
2016.718239,3.352158124
2016.71924,3.960584906
2016.72024,4.685328371
2016.72124,0.644791993
2016.722241,1.364317324
2016.723241,5.542931367
2016.724241,4.394004857
2016.725242,3.680334063
2016.726242,4.081351467
2016.727242,4.735986138
2016.728243,2.957798899
2016.729243,2.477360885
2016.730243,4.422469599
2016.731244,2.070999089
2016.732244,4.841372633
2016.733244,0.616979428
2016.734245,6.077894568
2016.735245,4.962372161
2016.736245,4.526987907
2016.737246,5.978219077
2016.738246,7.341852181
2016.739246,6.037867192
2016.740247,0.325760028
2016.741247,1.446893707
2016.742247,2.755107414
2016.743248,4.055781431
2016.744248,5.037930008
2016.745248,2.550294893
2016.746249,4.374644549
2016.747249,2.48983163
2016.748249,2.777206358
2016.74925,1.186722249
2016.75025,2.153538446
2016.75125,1.29675424
2016.752251,2.048653473
2016.753251,6.108118102
2016.754251,2.102629247
2016.755252,9.266941631
2016.756252,18.17712401
2016.757252,4.373824466
2016.758253,2.288660819
2016.759253,5.407378105
2016.760253,2.857022412
2016.761254,4.254015103
2016.762254,9.132019583
2016.763254,3.821743291
2016.764255,6.314579797
2016.765255,2.612007733
2016.766255,3.950868334
2016.767256,7.565088514
2016.768256,2.772352145
2016.769256,7.654139374
2016.770257,5.447858991
2016.771257,2.910691169
2016.772257,5.303866412
2016.773258,5.987742521
2016.774258,5.289992569
2016.775258,0.909818414
2016.776259,2.600044744
2016.777259,3.563488939
2016.778259,3.914022173
2016.77926,5.308751581
2016.78026,4.427483099
2016.78126,1.406221261
2016.782261,4.842289542
2016.783261,5.308203976
2016.784261,5.211906606
2016.785262,6.259334758
2016.786262,5.771219368
2016.787262,5.027490905
2016.788263,3.974708718
2016.789263,0.799181142
2016.790263,4.98655555
2016.791264,4.549063577
2016.792264,4.683367706
2016.793264,1.593387188
2016.794265,1.991597783
2016.795265,6.266995041
2016.796265,4.088709167
2016.797266,5.538102399
2016.798266,4.239170387
2016.799266,4.249629352
2016.800267,6.074418632
2016.801267,3.173645712
2016.802267,4.406010762
2016.803268,3.297402244
2016.804268,3.36129323
2016.805268,3.620423223
2016.806269,4.691665384
2016.807269,3.298679213
2016.808269,6.776615222
2016.80927,2.484962426
2016.81027,3.90965499
2016.81127,3.413304231
2016.812271,7.19623664
2016.813271,4.705051024
2016.814271,6.385436845
2016.815272,1.360578623
2016.816272,4.875896419
2016.817272,6.131298513
2016.818273,4.526990046
2016.819273,6.503911664
2016.820273,3.349046145
2016.821274,7.213132921
2016.822274,9.00319172
2016.823274,3.690817787
2016.824275,3.536730865
2016.825275,7.345886983
2016.826275,7.609785113
2016.827276,3.416583775
2016.828276,3.633732959
2016.829276,3.922479429
2016.830277,1.809228495
2016.831277,2.673044834
2016.832277,2.514424261
2016.833278,2.999605101
2016.834278,4.478461769
2016.835278,5.029028698
2016.836279,7.67450378
2016.837279,2.589833637
2016.838279,6.568360286
2016.83928,4.185045899
2016.84028,4.527538067
2016.84128,5.98967964
2016.842281,2.408304516
2016.843281,5.432408147
2016.844281,5.014464813
2016.845282,5.680565759
2016.846282,5.288233891
2016.847282,9.634860229
2016.848283,3.463272733
2016.849283,3.691380379
2016.850283,3.52184308
2016.851284,3.672047412
2016.852284,3.523232
2016.853284,7.191170415
2016.854285,7.669402842
2016.855285,3.702284045
2016.856285,3.194572458
2016.857286,5.817745762
2016.858286,3.786223061
2016.859286,6.172410118
2016.860287,5.328392063
2016.861287,1.907178904
2016.862287,8.049919586
2016.863288,8.563026873
2016.864288,3.762176139
2016.865288,4.228951391
2016.866289,5.592804625
2016.867289,5.706824438
2016.868289,6.371953433
2016.86929,9.092344342
2016.87029,4.735226858
2016.87129,3.509827866
2016.872291,2.36519925
2016.873291,3.6795066
2016.874291,5.092754636
2016.875292,8.765878444
2016.876292,4.159405784
2016.877292,5.660180776
2016.878293,5.197845687
2016.879293,7.625674032
2016.880293,10.32105702
2016.881294,4.223867274
2016.882294,4.325245812
2016.883294,7.411072828
2016.884295,6.705266194
2016.885295,9.053735031
2016.886295,6.547118194
2016.887296,4.679722617
2016.888296,6.598764214
2016.889296,7.654111491
2016.890297,7.097019731
2016.891297,6.490054967
2016.892297,7.628407549
2016.893298,7.853299573
2016.894298,8.298774777
2016.895298,6.851722373
2016.896299,18.42741115
2016.897299,5.887710638
2016.898299,8.027434483
2016.8993,4.000772734
2016.9003,6.392311663
2016.9013,4.888701029
2016.902301,5.753373742
2016.903301,8.273384286
2016.904301,6.119365372
2016.905302,5.850816399
2016.906302,3.059095659
2016.907302,7.292267459
2016.908303,7.111767995
2016.909303,10.16843447
2016.910303,5.247579205
2016.911304,6.322731394
2016.912304,6.404576745
2016.913304,9.082177306
2016.914305,18.94562523
2016.915305,6.528481332
2016.916305,7.20793576
2016.917306,6.387144766
2016.918306,5.142921529
2016.919306,6.445908578
2016.920307,8.227008654
2016.921307,4.048806977
2016.922307,6.389944332
2016.923308,4.746004872
2016.924308,8.55865451
2016.925308,3.144574542
2016.926309,5.095563224
2016.927309,6.990359813
2016.928309,9.389582955
2016.92931,6.149702004
2016.93031,5.193539003
2016.93131,10.08905473
2016.932311,3.453581421
2016.933311,1.97493114
2016.934311,7.275570077
2016.935312,5.414494236
2016.936312,4.39926103
2016.937312,7.881625098
2016.938313,6.975759812
2016.939313,5.38330703
2016.940313,17.1616225
2016.941314,8.30316625
2016.942314,7.882133497
2016.943314,6.406914989
2016.944315,10.32213138
2016.945315,4.512332698
2016.946315,3.625149962
2016.947316,5.316134533
2016.948316,6.632580367
2016.949316,7.234283443
2016.950317,6.289034049
2016.951317,7.499567109
2016.952317,4.316375204
2016.953318,9.731027633
2016.954318,6.703286129
2016.955318,9.126314945
2016.956319,20.78875485
2016.957319,7.853629703
2016.958319,21.29132339
2016.95932,7.884107846
2016.96032,8.298480383
2016.96132,9.695723051
2016.962321,20.64228378
2016.963321,8.504304876
2016.964321,6.931320283
2016.965322,10.01555554
2016.966322,5.807100104
2016.967322,10.78636236
2016.968323,7.128794596
2016.969323,4.37222054
2016.970323,7.51467009
2016.971324,5.921077756
2016.972324,8.989216297
2016.973324,6.027456708
2016.974325,6.46513963
2016.975325,3.603252245
2016.976325,6.50257268
2016.977326,2.584301696
2016.978326,4.289152169
2016.979326,9.002706048
2016.980327,9.07841644
2016.981327,8.382690117
2016.982327,5.622800075
2016.983328,7.486324527
2016.984328,7.599553562
2016.985328,5.315056198
2016.986329,10.66362366
2016.987329,9.436606678
2016.988329,7.265021355
2016.98933,7.785800564
2016.99033,8.173884271
2016.99133,3.698748282
2016.992331,7.312971221
2016.993331,6.468473069
2016.994331,5.854323743
2016.995332,7.320491002
2016.996332,11.5031971
2016.997332,9.214645871
2016.998333,6.815740917
2016.999333,9.128404864
2017.000333,10.80709124
2017.001334,9.882788469
2017.002334,8.177921254
2017.003334,6.789924053
2017.004335,9.505378019
2017.005335,8.921031642
2017.006335,9.949571496
2017.007336,9.454646554
2017.008336,10.308519
2017.009336,7.164045484
2017.010337,10.89439712
2017.011337,8.679891016
2017.012337,12.46028513
2017.013338,6.956447083
2017.014338,11.83179644
2017.015338,8.780722292
2017.016339,7.107081407
2017.017339,7.467146241
2017.018339,7.819206607
2017.01934,9.333198262
2017.02034,9.555483337
2017.02134,7.387338205
2017.022341,8.510933755
2017.023341,12.86906628
2017.024341,12.06447143
2017.025342,9.506867878
2017.026342,8.735037893
2017.027342,8.923877955
2017.028343,9.935608597
2017.029343,6.687716879
2017.030343,8.243249324
2017.031344,5.445504696
2017.032344,9.605758615
2017.033344,10.12631188
2017.034345,7.890121846
2017.035345,12.02900923
2017.036345,6.454010506
2017.037346,6.001262426
2017.038346,9.403349439
2017.039346,11.07303832
2017.040347,12.37105434
2017.041347,8.109748038
2017.042347,11.20915525
2017.043348,8.999012111
2017.044348,8.75496741
2017.045348,10.89169138
2017.046349,10.45312234
2017.047349,19.20715427
2017.048349,12.14963038
2017.04935,11.98069851
2017.05035,7.993308296
2017.05135,10.05990951
2017.052351,10.28018145
2017.053351,9.837236202
2017.054351,8.238993972
2017.055352,8.020020232
2017.056352,9.335767659
2017.057352,11.75588788
2017.058353,10.52112848
2017.059353,8.716141189
2017.060353,11.02415138
2017.061354,3.806994329
2017.062354,11.82487716
2017.063354,6.07112406
2017.064355,8.848814336
2017.065355,7.357438862
2017.066355,7.030435053
2017.067356,11.96440694
2017.068356,8.730241431
2017.069356,10.38147626
2017.070357,9.617385306
2017.071357,10.68799848
2017.072357,9.910182474
2017.073358,7.213106717
2017.074358,11.794107
2017.075358,8.83647121
2017.076359,6.733159544
2017.077359,9.012359046
2017.078359,12.89230116
2017.07936,11.61334258
2017.08036,9.237636768
2017.08136,9.258391134
2017.082361,9.33552464
2017.083361,14.15410074
2017.084361,10.78620667
2017.085362,10.90407016
2017.086362,12.12612413
2017.087362,10.5646243
2017.088363,9.590368001
2017.089363,9.737075611
2017.090363,10.00781167
2017.091364,10.09772362
2017.092364,11.64849528
2017.093364,10.31810941
2017.094365,11.70039177
2017.095365,10.09448414
2017.096365,10.43390424
2017.097366,6.30085912
2017.098366,12.15045171
2017.099366,11.03121762
2017.100367,12.35461283
2017.101367,4.586340617
2017.102367,14.57576557
2017.103368,10.13990692
2017.104368,12.65542626
2017.105368,8.379126867
2017.106369,11.70426749
2017.107369,8.391571586
2017.108369,9.270449128
2017.10937,14.36553462
2017.11037,10.17549174
2017.11137,11.0110059
2017.112371,12.33545746
2017.113371,11.60576509
2017.114371,10.93421517
2017.115372,11.38217137
2017.116372,15.47784776
2017.117372,10.57444071
2017.118373,11.11043186
2017.119373,12.82799103
2017.120373,12.95607486
2017.121374,13.13731592
2017.122374,12.0588389
2017.123374,8.513381907
2017.124375,14.08415748
2017.125375,8.542395023
2017.126375,11.45803613
2017.127376,9.361780193
2017.128376,10.7595085
2017.129376,11.56264924
2017.130377,11.5650633
2017.131377,11.78329939
2017.132377,14.18387331
2017.133378,11.88039546
2017.134378,10.50177222
2017.135378,12.93490034
2017.136379,13.40218872
2017.137379,8.584434406
2017.138379,12.2507324
2017.13938,12.47443924
2017.14038,10.49300688
2017.14138,13.85546565
2017.142381,10.81973636
2017.143381,11.38667271
2017.144381,10.80492455
2017.145382,11.19765021
2017.146382,8.989240768
2017.147382,8.316862306
2017.148383,14.40102103
2017.149383,9.533008155
2017.150383,9.25893862
2017.151384,6.949607495
2017.152384,9.992999988
2017.153384,8.639150442
2017.154385,14.58363711
2017.155385,13.33338738
2017.156385,9.951468008
2017.157386,15.84652435
2017.158386,13.31893574
2017.159386,10.71936147
2017.160387,6.383699191
2017.161387,15.97774852
2017.162387,8.629937049
2017.163388,8.131368419
2017.164388,13.48025552
2017.165388,16.3274325
2017.166389,14.22915015
2017.167389,12.60096287
2017.168389,12.67505623
2017.16939,13.20464388
2017.17039,13.02779698
2017.17139,12.08431102
2017.172391,11.74217963
2017.173391,11.42030081
2017.174391,10.04912747
2017.175392,11.00713556
2017.176392,8.193860172
2017.177392,11.39424122
2017.178393,9.624743073
2017.179393,9.405609175
2017.180393,11.98329591
2017.181394,14.41808884
2017.182394,13.48115057
2017.183394,8.513805265
2017.184395,9.685694933
2017.185395,13.55649353
2017.186395,9.719831146
2017.187396,11.24524884
2017.188396,12.8041826
2017.189396,9.776806418
2017.190397,11.93351657
2017.191397,9.063837729
2017.192397,10.53812917
2017.193398,12.38925628
2017.194398,8.572384766
2017.195398,12.64785306
2017.196399,11.73601053
2017.197399,12.88849943
2017.198399,12.23943173
2017.1994,14.52781846
2017.2004,12.05777066
2017.2014,10.95614421
2017.202401,12.06703323
2017.203401,12.91636621
2017.204401,11.93467093
2017.205402,11.92516323
2017.206402,10.44687368
2017.207402,10.53178029
2017.208403,9.058944269
2017.209403,15.36972833
2017.210403,9.3891155
2017.211404,10.49714555
2017.212404,10.45210199
2017.213404,13.68457223
2017.214405,11.3104772
2017.215405,14.40135971
2017.216405,10.56423902
2017.217406,12.47439879
2017.218406,10.25075184
2017.219406,16.21662476
2017.220407,9.555855125
2017.221407,12.55526354
2017.222407,13.20759057
2017.223408,12.77189404
2017.224408,11.57782374
2017.225408,11.6927049
2017.226409,12.04376034
2017.227409,11.66576821
2017.228409,13.89100884
2017.22941,16.38761843
2017.23041,10.85475397
2017.23141,9.233139884
2017.232411,11.7990331
2017.233411,17.13771018
2017.234411,10.37347951
2017.235412,15.26144214
2017.236412,15.34083268
2017.237412,10.88031965
2017.238413,13.12736985
2017.239413,15.2479469
2017.240413,11.23449046
2017.241414,11.58701978
2017.242414,10.83209544
2017.243414,9.967062734
2017.244415,10.69898215
2017.245415,9.550459833
2017.246415,12.06715248
2017.247416,10.45952627
2017.248416,12.46737375
2017.249416,8.888181822
2017.250417,12.66174675
2017.251417,13.66689936
2017.252417,8.012067286
2017.253418,12.74719085
2017.254418,14.45379685
2017.255418,9.578400026
2017.256419,15.34189211
2017.257419,12.83369273
2017.258419,10.58438054
2017.25942,11.88145783
2017.26042,13.10808381
2017.26142,12.14171708
2017.262421,13.06533699
2017.263421,10.14443898
2017.264421,12.32231152
2017.265422,9.153807222
2017.266422,11.75627315
2017.267422,10.16824188
2017.268423,10.50217209
2017.269423,14.44243617
2017.270423,14.14973107
2017.271424,13.18209136
2017.272424,9.775737285
2017.273424,11.32393716
2017.274425,14.3791844
2017.275425,12.2325016
2017.276425,16.58364962
2017.277426,12.72739314
2017.278426,12.32046694
2017.279426,11.31359152
2017.280427,12.19420667
2017.281427,11.61733046
2017.282427,13.33347782
2017.283428,13.82550067
2017.284428,10.33479815
2017.285428,9.23883786
2017.286429,8.223265597
2017.287429,12.90587768
2017.288429,9.67722682
2017.28943,7.572090423
2017.29043,12.6487872
2017.29143,16.85123446
2017.292431,11.84654634
2017.293431,13.52897002
2017.294431,12.00879532
2017.295432,11.64035353
2017.296432,13.66913041
2017.297432,11.24312162
2017.298433,12.35099755
2017.299433,12.45199999
2017.300433,10.46466447
2017.301434,13.77702092
2017.302434,11.43495772
2017.303434,10.2651784
2017.304435,12.8413307
2017.305435,9.962868481
2017.306435,11.80751166
2017.307436,11.72410806
2017.308436,13.90518605
2017.309436,12.67369277
2017.310437,11.66499665
2017.311437,13.34119066
2017.312437,14.47653426
2017.313438,12.80205487
2017.314438,11.69730895
2017.315438,9.042955466
2017.316439,9.526279972
2017.317439,11.03579281
2017.318439,10.41680869
2017.31944,11.25133773
2017.32044,11.72788421
2017.32144,12.66313111
2017.322441,11.45176692
2017.323441,12.5546447
2017.324441,11.69932569
2017.325442,7.60803813
2017.326442,9.668754281
2017.327442,11.24756362
2017.328443,9.104523239
2017.329443,12.71180496
2017.330443,14.56134521
2017.331444,13.92512503
2017.332444,11.04833558
2017.333444,14.44415632
2017.334445,11.74738488
2017.335445,10.76308765
2017.336445,10.19752811
2017.337446,10.80633263
2017.338446,10.62172217
2017.339446,11.72557782
2017.340447,11.69242919
2017.341447,11.36377594
2017.342447,12.21783026
2017.343448,13.7113844
2017.344448,13.21520649
2017.345448,8.332177653
2017.346449,6.179876247
2017.347449,13.14197339
2017.348449,8.525061901
2017.34945,10.79464549
2017.35045,8.889179079
2017.35145,7.610545516
2017.352451,12.28240612
2017.353451,12.70263886
2017.354451,10.01602982
2017.355452,5.97156293
2017.356452,10.04563092
2017.357452,11.90607617
2017.358453,8.148870004
2017.359453,11.45751524
2017.360453,11.04415585
2017.361454,12.21721724
2017.362454,24.46893513
2017.363454,9.079851883
2017.364455,13.4026309
2017.365455,10.67580799
2017.366455,10.92151906
2017.367456,9.092735661
2017.368456,10.05573361
2017.369456,9.155602981
2017.370457,10.56211103
2017.371457,14.31409997
2017.372457,8.129446384
2017.373458,7.628578031
2017.374458,13.78038083
2017.375458,10.40162004
2017.376459,9.464237736
2017.377459,12.86419769
2017.378459,9.555052352
2017.37946,14.40008869
2017.38046,12.08559827
2017.38146,9.735493145
2017.382461,15.00739471
2017.383461,9.462704381
2017.384461,12.13957527
2017.385462,11.2351151
2017.386462,13.22105376
2017.387462,13.72153142
2017.388463,10.64335251
2017.389463,9.053241768
2017.390463,11.46065395
2017.391464,9.165810716
2017.392464,14.52844814
2017.393464,10.75507767
2017.394465,9.731599211
2017.395465,10.81174097
2017.396465,7.728169329
2017.397466,8.459139689
2017.398466,25.97044883
2017.399466,9.048187005
2017.400467,8.247817133
2017.401467,11.39451563
2017.402467,12.67209777
2017.403468,11.71798452
2017.404468,12.25147164
2017.405468,8.724995209
2017.406469,7.374084732
2017.407469,13.19940644
2017.408469,9.530325747
2017.40947,9.65287973
2017.41047,12.78970927
2017.41147,11.22447195
2017.412471,11.00239499
2017.413471,14.39914906
2017.414471,8.760551099
2017.415472,11.88163011
2017.416472,10.11825836
2017.417472,10.51961976
2017.418473,13.01749682
2017.419473,10.9542788
2017.420473,10.99317018
2017.421474,12.03948771
2017.422474,9.14238776
2017.423474,8.1716201
2017.424475,7.738094177
2017.425475,5.872600314
2017.426475,13.89525736
2017.427476,7.553885549
2017.428476,9.295184671
2017.429476,9.16138631
2017.430477,10.30707955
2017.431477,11.30092696
2017.432477,11.36751995
2017.433478,8.457473489
2017.434478,9.266376188
2017.435478,10.14270753
2017.436479,9.057031077
2017.437479,12.74590877
2017.438479,10.48991132
2017.43948,10.95440122
2017.44048,10.78703376
2017.44148,11.78478679
2017.442481,9.776393246
2017.443481,6.79714141
2017.444481,10.16658144
2017.445482,8.040837974
2017.446482,8.262611544
2017.447482,10.46881395
2017.448483,11.74884186
2017.449483,9.290958416
2017.450483,9.842171513
2017.451484,12.60497723
2017.452484,9.658048124
2017.453484,14.35585594
2017.454485,10.25941142
2017.455485,5.582724452
2017.456485,10.58674743
2017.457486,9.818152508
2017.458486,11.61107109
2017.459486,10.35361737
2017.460487,8.705991995
2017.461487,6.509917959
2017.462487,8.516040519
2017.463488,7.208581826
2017.464488,7.724075602
2017.465488,10.03774411
2017.466489,12.17582711
2017.467489,9.600758942
2017.468489,6.395015481
2017.46949,9.651321582
2017.47049,11.13068375
2017.47149,7.493130373
2017.472491,8.419909095
2017.473491,8.692539888
2017.474491,7.068560745
2017.475492,9.910086893
2017.476492,8.346774145
2017.477492,22.59025879
2017.478493,6.763906138
2017.479493,7.639051494
2017.480493,9.933788107
2017.481494,7.718397065
2017.482494,11.89301072
2017.483494,20.80221524
2017.484495,8.838440707
2017.485495,10.22922349
2017.486495,5.502266551
2017.487496,4.792323191
2017.488496,5.237558581
2017.489496,10.7889584
2017.490497,7.134982465
2017.491497,13.32999646
2017.492497,7.059993389
2017.493498,8.532474441
2017.494498,11.22246854
2017.495498,12.12530574
2017.496499,12.21099398
2017.497499,10.47958268
2017.498499,10.08583618
2017.4995,9.197624439
2017.5005,9.544151612
2017.501501,6.859917444
2017.502501,6.300752016
2017.503501,7.905264257
2017.504502,7.546510791
2017.505502,6.955295271
2017.506502,9.22940306
2017.507503,9.722121831
2017.508503,7.963215882
2017.509503,10.7163614
2017.510504,5.452831577
2017.511504,7.323809871
2017.512504,6.252414544
2017.513505,3.927928749
2017.514505,7.470596801
2017.515505,7.367433727
2017.516506,10.61281417
2017.517506,8.822540354
2017.518506,5.487562982
2017.519507,11.21915974
2017.520507,23.11550159
2017.521507,8.625304913
2017.522508,6.983240198
2017.523508,5.492451084
2017.524508,6.642060422
2017.525509,9.539139868
2017.526509,11.10600911
2017.527509,10.39854363
2017.52851,6.309604975
2017.52951,5.023344354
2017.53051,7.519656248
2017.531511,3.676339664
2017.532511,7.834919546
2017.533511,6.868776721
2017.534512,6.207339694
2017.535512,3.925471364
2017.536512,8.117577478
2017.537513,6.000511287
2017.538513,4.701651897
2017.539513,1.27257161
2017.540514,6.937715524
2017.541514,10.51293762
2017.542514,10.26668269
2017.543515,6.005743299
2017.544515,5.691325909
2017.545515,7.809156383
2017.546516,4.85073941
2017.547516,7.427042034
2017.548516,21.51901551
2017.549517,9.229360959
2017.550517,6.551276585
2017.551517,6.320376781
2017.552518,4.947948913
2017.553518,5.026394384
2017.554518,6.203490455
2017.555519,7.367525475
2017.556519,8.436363947
2017.557519,4.97929197
2017.55852,9.547538059
2017.55952,5.996481571
2017.56052,6.472619763
2017.561521,4.997615222
2017.562521,14.80770415
2017.563521,8.213677463
2017.564522,7.896140162
2017.565522,5.83672527
2017.566522,6.510353068
2017.567523,7.385305459
2017.568523,3.205455747
2017.569523,5.249628495
2017.570524,7.873516449
2017.571524,3.753729235
2017.572524,6.826813584
2017.573525,3.503993289
2017.574525,7.127546472
2017.575525,6.10100447
2017.576526,2.919696933
2017.577526,8.457185489
2017.578526,4.636343807
2017.579527,4.462917106
2017.580527,6.462531108
2017.581527,8.336714731
2017.582528,3.985921163
2017.583528,6.119127585
2017.584528,6.831683146
2017.585529,7.338623655
2017.586529,6.283738736
2017.587529,5.175324872
2017.58853,4.232807623
2017.58953,6.038966779
2017.59053,3.701176213
2017.591531,0
2017.592531,6.676380473
2017.593531,7.590163616
2017.594532,1.035549743
2017.595532,3.721162318
2017.596532,6.958230619
2017.597533,9.81430148
2017.598533,5.720377287
2017.599533,4.202355019
2017.600534,5.272231555
2017.601534,8.36753412
2017.602534,4.305703876
2017.603535,3.979194079
2017.604535,4.592132602
2017.605535,3.631100469
2017.606536,5.763333628
2017.607536,8.747683273
2017.608536,6.12491709
2017.609537,4.954583329
2017.610537,4.856299953
2017.611537,2.294274167
2017.612538,7.167710528
2017.613538,5.226754423
2017.614538,5.002510238
2017.615539,11.7308306
2017.616539,5.92337159
2017.617539,3.803639617
2017.61854,4.435968846
2017.61954,7.567144888
2017.62054,5.47847156
2017.621541,2.357160612
2017.622541,7.054069549
2017.623541,17.04873091
2017.624542,8.926328154
2017.625542,7.322055961
2017.626542,4.249655382
2017.627543,7.688784054
2017.628543,5.245028015
2017.629543,6.797544203
2017.630544,6.044257226
2017.631544,3.364988579
2017.632544,3.753628757
2017.633545,7.083793494
2017.634545,4.337582202
2017.635545,4.18321518
2017.636546,3.063765076
2017.637546,5.804826035
2017.638546,9.066415599
2017.639547,2.790158619
2017.640547,4.957643516
2017.641547,7.717747969
2017.642548,4.71824906
2017.643548,5.766623772
2017.644548,2.721565429
2017.645549,5.68756357
2017.646549,4.441382928
2017.647549,6.771979328
2017.64855,7.160265712
2017.64955,9.949722153
2017.65055,5.915090052
2017.651551,5.392773335
2017.652551,5.11543504
2017.653551,4.005948898
2017.654552,5.374994097
2017.655552,4.09309896
2017.656552,5.006830104
2017.657553,7.291241148
2017.658553,2.629230973
2017.659553,6.908475896
2017.660554,7.249484761
2017.661554,4.365787137
2017.662554,0.345018198
2017.663555,3.360022588
2017.664555,7.156729498
2017.665555,4.504213911
2017.666556,2.538691494
2017.667556,3.515228832
2017.668556,6.193638731
2017.669557,5.593623594
2017.670557,4.010188299
2017.671557,3.742438452
2017.672558,3.680744966
2017.673558,2.607754562
2017.674558,7.671780117
2017.675559,3.784982202
2017.676559,6.85267563
2017.677559,7.449867632
2017.67856,6.392876196
2017.67956,3.522175009
2017.68056,5.182179844
2017.681561,4.315775694
2017.682561,15.73375636
2017.683561,4.992211265
2017.684562,1.975292487
2017.685562,6.698755063
2017.686562,3.384331152
2017.687563,4.706200149
2017.688563,4.860917685
2017.689563,3.767139489
2017.690564,5.449091297
2017.691564,3.316797764
2017.692564,6.000248543
2017.693565,1.556891297
2017.694565,4.492954715
2017.695565,8.109546981
2017.696566,2.222668627
2017.697566,2.859632824
2017.698566,5.234879474
2017.699567,4.558318186
2017.700567,4.892655819
2017.701567,5.162161337
2017.702568,5.445772228
2017.703568,6.388422242
2017.704568,4.98150448
2017.705569,3.672348089
2017.706569,5.493158933
2017.707569,7.941075704
2017.70857,3.869497082
2017.70957,2.1793114
2017.71057,6.33628973
2017.711571,3.875277639
2017.712571,0
2017.713571,5.799167011
2017.714572,3.028039861
2017.715572,3.912156364
2017.716572,4.751864621
2017.717573,4.463738897
2017.718573,5.496633499
2017.719573,3.201902399
2017.720574,5.094387151
2017.721574,3.544537939
2017.722574,5.536863501
2017.723575,5.28574443
2017.724575,2.180054826
2017.725575,6.218975236
2017.726576,2.97131905
2017.727576,5.655752782
2017.728576,4.770759511
2017.729577,7.709256525
2017.730577,3.582818214
2017.731577,3.328134436
2017.732578,3.985103628
2017.733578,3.414915157
2017.734578,5.618647589
2017.735579,0.783788907
2017.736579,1.906848994
2017.737579,1.876569155
2017.73858,5.910908886
2017.73958,7.429796763
2017.74058,3.798105576
2017.741581,3.667952303
2017.742581,4.14444961
2017.743581,6.327009271
2017.744582,2.147611668
2017.745582,4.4782791
2017.746582,5.95131755
2017.747583,5.002649768
2017.748583,4.3793218
2017.749583,6.002105902
2017.750584,0
2017.751584,5.35594871
2017.752584,2.692375901
2017.753585,0.339748667
2017.754585,5.024064832
2017.755585,6.749779849
2017.756586,3.728526776
2017.757586,5.910291829
2017.758586,20.41777831
2017.759587,6.637082968
2017.760587,7.288775409
2017.761587,5.49485129
2017.762588,4.163371144
2017.763588,0.810637325
2017.764588,3.524666498
2017.765589,2.332678164
2017.766589,8.363593932
2017.767589,3.672631175
2017.76859,4.27366377
2017.76959,5.133233208
2017.77059,4.12063247
2017.771591,7.426851478
2017.772591,2.79492906
2017.773591,4.43307751
2017.774592,15.75011482
2017.775592,1.411555916
2017.776592,2.832165974
2017.777593,3.985889598
2017.778593,3.205773428
2017.779593,2.684106077
2017.780594,1.261038565
2017.781594,3.91234291
2017.782594,1.074148785
2017.783595,5.608891655
2017.784595,4.25900394
2017.785595,1.184520441
2017.786596,3.486858375
2017.787596,2.606770666
2017.788596,4.755393077
2017.789597,6.804058921
2017.790597,0.379080216
2017.791597,4.365897346
2017.792598,3.822152281
2017.793598,5.491823101
2017.794598,4.582413408
2017.795599,2.659110546
2017.796599,3.532121973
2017.797599,2.58551006
2017.7986,6.337058983
2017.7996,4.235301645
2017.8006,8.002843767
2017.801601,4.087074915
2017.802601,2.799666942
2017.803601,1.19728509
2017.804602,0.626817064
2017.805602,1.073355881
2017.806602,4.784560893
2017.807603,5.276585592
2017.808603,1.105729877
2017.809603,6.067311072
2017.810604,3.320382569
2017.811604,4.589507626
2017.812604,7.529926115
2017.813605,6.108872698
2017.814605,3.787987545
2017.815605,2.552664343
2017.816606,0.041562725
2017.817606,2.917176006
2017.818606,3.943655258
2017.819607,2.402133337
2017.820607,4.124698257
2017.821607,4.551778479
2017.822608,3.959367564
2017.823608,3.120221038
2017.824608,4.768823634
2017.825609,5.326824651
2017.826609,2.273714779
2017.827609,7.288087338
2017.82861,4.28089556
2017.82961,4.527759449
2017.83061,5.918616086
2017.831611,4.980884719
2017.832611,6.433128636
2017.833611,5.113643816
2017.834612,3.327197563
2017.835612,5.287892399
2017.836612,2.290381673
2017.837613,4.808037429
2017.838613,4.537676641
2017.839613,4.201255665
2017.840614,4.373900739
2017.841614,0.880897144
2017.842614,3.560897448
2017.843615,4.857921104
2017.844615,5.005959587
2017.845615,2.64504293
2017.846616,7.246085653
2017.847616,2.99672682
2017.848616,6.682526679
2017.849617,5.612665405
2017.850617,3.480614529
2017.851617,8.338610879
2017.852618,2.415762265
2017.853618,6.656517406
2017.854618,6.834672519
2017.855619,3.507691381
2017.856619,7.649410798
2017.857619,4.380059434
2017.85862,5.473335235
2017.85962,5.432509792
2017.86062,4.659288766
2017.861621,6.565684291
2017.862621,6.547327405
2017.863621,1.479688316
2017.864622,7.60195448
2017.865622,1.684930529
2017.866622,7.091765547
2017.867623,7.296959506
2017.868623,2.878609259
2017.869623,4.256022552
2017.870624,2.883466247
2017.871624,4.682372744
2017.872624,4.513599539
2017.873625,6.706555865
2017.874625,7.785531684
2017.875625,7.974073203
2017.876626,4.076272214
2017.877626,4.800177795
2017.878626,1.86986831
2017.879627,3.643236875
2017.880627,7.203021029
2017.881627,8.522931881
2017.882628,2.841623949
2017.883628,4.144054888
2017.884628,5.294939123
2017.885629,5.926944962
2017.886629,3.766391642
2017.887629,6.25280009
2017.88863,4.476181153
2017.88963,5.414238921
2017.89063,6.555096581
2017.891631,5.49485749
2017.892631,4.628825506
2017.893631,5.302060715
2017.894632,5.364335361
2017.895632,18.00831961
2017.896632,5.063321699
2017.897633,8.798278181
2017.898633,6.742987523
2017.899633,5.050446754
2017.900634,7.055668137
2017.901634,5.014564658
2017.902634,8.048988786
2017.903635,6.46265052
2017.904635,5.529478411
2017.905635,6.660322233
2017.906636,2.644030057
2017.907636,3.553228874
2017.908636,3.439981894
2017.909637,6.134872001
2017.910637,9.33525469
2017.911637,10.354148
2017.912638,7.18905622
2017.913638,6.936131724
2017.914638,2.353897662
2017.915639,4.892316635
2017.916639,4.423827725
2017.917639,4.779510061
2017.91864,5.70680582
2017.91964,5.120877808
2017.92064,2.128501288
2017.921641,7.605038935
2017.922641,3.98592458
2017.923641,6.632170387
2017.924642,10.32418096
2017.925642,4.359657461
2017.926642,1.160333789
2017.927643,5.671452865
2017.928643,8.468002443
2017.929643,10.20546844
2017.930644,3.852432311
2017.931644,7.327754612
2017.932644,5.426625719
2017.933645,6.168305287
2017.934645,11.69190804
2017.935645,3.420363125
2017.936646,6.956927705
2017.937646,7.408040581
2017.938646,8.66749308
2017.939647,6.715212347
2017.940647,20.34613352
2017.941647,5.782774692
2017.942648,7.127824036
2017.943648,5.926739648
2017.944648,7.879876811
2017.945649,19.10857734
2017.946649,7.438312117
2017.947649,6.649353294
2017.94865,8.983798061
2017.94965,6.652778853
2017.95065,3.233419266
2017.951651,9.327293322
2017.952651,5.015999106
2017.953651,5.543990739
2017.954652,5.684305906
2017.955652,9.648654176
2017.956652,2.652622522
2017.957653,13.22370349
2017.958653,9.084597055
2017.959653,7.443278875
2017.960654,6.911370287
2017.961654,7.616662348
2017.962654,8.11223267
2017.963655,8.38488934
2017.964655,8.230173228
2017.965655,7.322666591
2017.966656,6.773403157
2017.967656,6.890141063
2017.968656,6.827510595
2017.969657,9.509537795
2017.970657,8.453811435
2017.971657,1.410650079
2017.972658,8.627986252
2017.973658,7.730441452
2017.974658,7.328361949
2017.975659,6.613578009
2017.976659,9.663699882
2017.977659,9.335409985
2017.97866,5.919506452
2017.97966,8.304292213
2017.98066,5.571820161
2017.981661,4.780862447
2017.982661,6.311647641
2017.983661,9.314869531
2017.984662,9.521349366
2017.985662,21.8537043
2017.986662,9.115368854
2017.987663,8.722593193
2017.988663,6.432345003
2017.989663,8.604236104
2017.990664,9.366303143
2017.991664,9.299169094
2017.992664,10.19352379
2017.993665,9.257422639
2017.994665,8.568835544
2017.995665,10.03136909
2017.996666,7.863159874
2017.997666,6.177590183
2017.998666,7.640344969
2017.999667,6.501814343
2018.000667,6.666404149
2018.001667,7.752863762
2018.002668,6.48220001
2018.003668,7.476252893
2018.004668,17.51748137
2018.005669,8.569023652
2018.006669,8.169969386
2018.007669,6.558496752
2018.00867,22.72367561
2018.00967,10.11802162
2018.01067,5.052851385
2018.011671,6.76760074
2018.012671,6.779833203
2018.013671,6.46336674
2018.014672,10.02716411
2018.015672,8.005589082
2018.016672,7.889223078
2018.017673,4.43552291
2018.018673,9.739061067
2018.019673,6.014667087
2018.020674,8.637988525
2018.021674,9.09779606
2018.022674,11.28925684
2018.023675,5.975173883
2018.024675,2.578641981
2018.025675,9.010192593
2018.026676,12.2683177
2018.027676,24.3573658
2018.028676,9.13613776
2018.029677,7.758266368
2018.030677,10.38047445
2018.031677,6.843797103
2018.032678,9.768234044
2018.033678,9.85105561
2018.034678,10.9850987
2018.035679,14.40852841
2018.036679,9.698534574
2018.037679,7.920233604
2018.03868,8.911433385
2018.03968,5.448813327
2018.04068,7.621883012
2018.041681,8.217048584
2018.042681,8.01169994
2018.043681,9.388807884
2018.044682,7.463436854
2018.045682,11.37447285
2018.046682,9.156915705
2018.047683,9.161945306
2018.048683,8.548754251
2018.049683,9.538875203
2018.050684,10.90259198
2018.051684,7.541987169
2018.052684,7.983816349
2018.053685,8.716347639
2018.054685,6.655755922
2018.055685,7.73262689
2018.056686,8.442291536
2018.057686,11.16704722
2018.058686,9.966871064
2018.059687,9.852350821
2018.060687,11.19033163
2018.061687,9.237098038
2018.062688,10.3160175
2018.063688,9.35182983
2018.064688,10.11212201
2018.065689,8.438941508
2018.066689,4.74982263
2018.067689,9.381832454
2018.06869,12.51875568
2018.06969,11.54849275
2018.07069,11.64959244
2018.071691,12.21372655
2018.072691,9.941379119
2018.073691,10.1812245
2018.074692,8.573747857
2018.075692,9.199293036
2018.076692,11.0852958
2018.077693,12.28376389
2018.078693,9.619269873
2018.079693,9.019876316
2018.080694,23.13072962
2018.081694,11.16662474
2018.082694,7.098363848
2018.083695,5.415495354
2018.084695,8.928488021
2018.085695,7.60976115
2018.086696,9.056448858
2018.087696,9.798629985
2018.088696,9.209072443
2018.089697,13.04179939
2018.090697,10.8115645
2018.091697,10.78014909
2018.092698,11.44465396
2018.093698,7.943525823
2018.094698,12.32028027
2018.095699,10.11130419
2018.096699,11.62448067
2018.097699,8.160401438
2018.0987,7.217103814
2018.0997,11.98081427
2018.1007,11.11817498
2018.101701,8.581480341
2018.102701,8.666390572
2018.103701,12.67662455
2018.104702,8.066873616
2018.105702,13.75088911
2018.106702,8.684050138
2018.107703,11.78172568
2018.108703,9.867256144
2018.109703,11.75031949
2018.110704,9.475067666
2018.111704,10.25695963
2018.112704,10.68353155
2018.113705,21.80376556
2018.114705,12.12132831
2018.115705,9.632089652
2018.116706,10.2200491
2018.117706,8.707176554
2018.118706,5.589727863
2018.119707,10.3507523
2018.120707,15.57634336
2018.121707,12.3385171
2018.122708,10.74887437
2018.123708,10.27958996
2018.124708,10.86816907
2018.125709,11.93522965
2018.126709,8.49700769
2018.127709,13.10480568
2018.12871,12.32434028
2018.12971,12.34725014
2018.13071,24.99241851
2018.131711,10.98436843
2018.132711,12.30781161
2018.133711,12.16255442
2018.134712,10.28756407
2018.135712,9.865042934
2018.136712,11.23244106
2018.137713,14.14313112
2018.138713,8.583118715
2018.139713,8.142403447
2018.140714,11.4229752
2018.141714,11.21110625
2018.142714,11.47176868
2018.143715,11.62862279
2018.144715,10.70981886
2018.145715,14.15133253
2018.146716,7.98505469
2018.147716,9.544999696
2018.148716,11.01048883
2018.149717,7.945498245
2018.150717,10.8949169
2018.151717,14.58418763
2018.152718,11.31751303
2018.153718,11.75150521
2018.154718,8.784007238
2018.155719,10.08571679
2018.156719,10.58201858
2018.157719,10.71082125
2018.15872,13.92324693
2018.15972,12.48891664
2018.16072,9.164060499
2018.161721,11.89329407
2018.162721,12.40990178
2018.163721,13.70679528
2018.164722,14.60048214
2018.165722,9.421980072
2018.166722,9.843084746
2018.167723,8.962138487
2018.168723,11.02161155
2018.169723,12.43458723
2018.170724,13.48862039
2018.171724,11.37399136
2018.172724,10.89800112
2018.173725,11.85287516
2018.174725,9.890596168
2018.175725,15.75134154
2018.176726,8.368183038
2018.177726,11.96408569
2018.178726,15.6527744
2018.179727,11.62997664
2018.180727,11.24697102
2018.181727,10.92268709
2018.182728,11.28717971
2018.183728,14.40390106
2018.184728,7.244576808
2018.185729,14.74511964
2018.186729,8.840144224
2018.187729,11.16441447
2018.18873,10.84874481
2018.18973,12.89370826
2018.19073,8.529574266
2018.191731,12.65924236
2018.192731,15.79244279
2018.193731,9.02625415
2018.194732,12.14064487
2018.195732,10.44574996
2018.196732,12.62982159
2018.197733,11.82452635
2018.198733,10.51129101
2018.199733,12.77789355
2018.200734,15.41857915
2018.201734,11.43565878
2018.202734,13.26441488
2018.203735,9.245634609
2018.204735,9.926437912
2018.205735,12.79110169
2018.206736,14.82134772
2018.207736,12.57101667
2018.208736,11.24019574
2018.209737,11.8712637
2018.210737,9.378081523
2018.211737,13.09399051
2018.212738,13.65553538
2018.213738,10.99244428
2018.214738,10.9621424
2018.215739,12.43943075
2018.216739,11.03952804
2018.217739,11.78584093
2018.21874,16.1225336
2018.21974,11.4338675
2018.22074,11.21591231
2018.221741,10.64202736
2018.222741,13.42985773
2018.223741,11.58323256
2018.224742,10.65098607
2018.225742,14.59623542
2018.226742,14.79657239
2018.227743,10.76010193
2018.228743,8.231295376
2018.229743,13.98267226
2018.230744,10.60149809
2018.231744,13.55496494
2018.232744,8.036305122
2018.233745,13.76434936
2018.234745,9.559295558
2018.235745,13.44549509
2018.236746,12.01468305
2018.237746,10.08027065
2018.238746,11.1759319
2018.239747,13.36433885
2018.240747,12.20503056
2018.241747,13.16344958
2018.242748,15.94872895
2018.243748,8.868430865
2018.244748,15.23224765
2018.245749,12.20728485
2018.246749,10.20159739
2018.247749,9.33897277
2018.24875,11.62163577
2018.24975,13.84329529
2018.25075,11.74485732
2018.251751,15.0220679
2018.252751,9.097051125
2018.253751,11.97471108
2018.254752,9.493430592
2018.255752,12.7246518
2018.256752,13.77017545
2018.257753,11.15373184
2018.258753,6.785524646
2018.259753,12.3903878
2018.260754,12.86435004
2018.261754,12.79768622
2018.262754,14.45872727
2018.263755,9.842964202
2018.264755,13.34325501
2018.265755,14.36543173
2018.266756,8.420678196
2018.267756,12.61443653
2018.268756,10.96389569
2018.269757,11.80617557
2018.270757,12.66138263
2018.271757,10.98822461
2018.272758,10.60776111
2018.273758,12.02382123
2018.274758,9.777207387
2018.275759,9.776075762
2018.276759,13.30234339
2018.277759,9.641723762
2018.27876,13.26749622
2018.27976,12.85545775
2018.28076,8.473910389
2018.281761,10.56548815
2018.282761,14.30377498
2018.283761,9.94800915
2018.284762,10.97616125
2018.285762,12.82356686
2018.286762,13.46054734
2018.287763,11.38485598
2018.288763,10.68692721
2018.289763,14.7205478
2018.290764,15.34731478
2018.291764,13.82078606
2018.292764,12.02710814
2018.293765,10.23318997
2018.294765,10.18193006
2018.295765,12.88079275
2018.296766,12.66535511
2018.297766,14.62439874
2018.298766,13.11459366
2018.299767,8.799874144
2018.300767,13.9021209
2018.301767,9.794145274
2018.302768,11.01421512
2018.303768,12.2742998
2018.304768,15.756827
2018.305769,17.97677301
2018.306769,12.96167748
2018.307769,11.37298551
2018.30877,12.79938972
2018.30977,13.49654157
2018.31077,11.07060077
2018.311771,15.29291739
2018.312771,12.15304858
2018.313771,12.67865975
2018.314772,26.19254537
2018.315772,12.50644368
2018.316772,13.33098264
2018.317773,10.40828212
2018.318773,10.51572794
2018.319773,9.421422439
2018.320774,25.67739204
2018.321774,13.15797403
2018.322774,12.50461827
2018.323775,14.92688713
2018.324775,11.55539861
2018.325775,12.89262144
2018.326776,9.360143421
2018.327776,10.75761282
2018.328776,12.91101528
2018.329777,13.20613246
2018.330777,10.90784425
2018.331777,11.34029144
2018.332778,8.435316634
2018.333778,10.74444279
2018.334778,13.22656795
2018.335779,12.58337597
2018.336779,12.42132607
2018.337779,11.50643559
2018.33878,11.40777354
2018.33978,10.05962988
2018.34078,12.76442039
2018.341781,12.19506784
2018.342781,12.32338558
2018.343781,10.27337221
2018.344782,7.004718698
2018.345782,13.49154179
2018.346782,10.32526302
2018.347783,9.542958287
2018.348783,12.6409104
2018.349783,10.45524151
2018.350784,13.3443258
2018.351784,12.4435238
2018.352784,12.56158262
2018.353785,8.447338428
2018.354785,13.58781811
2018.355785,11.67098649
2018.356786,10.39436207
2018.357786,11.40400043
2018.358786,7.548937033
2018.359787,11.90277461
2018.360787,9.010665563
2018.361787,8.347886347
2018.362788,7.992206269
2018.363788,13.24587914
2018.364788,22.93283633
2018.365789,14.05475599
2018.366789,9.898919392
2018.367789,7.538910797
2018.36879,8.703565545
2018.36979,13.39110937
2018.37079,10.59044614
2018.371791,9.788309622
2018.372791,11.18744842
2018.373791,11.85339191
2018.374792,13.06692597
2018.375792,13.71131681
2018.376792,10.07685989
2018.377793,8.126270172
2018.378793,9.933293826
2018.379793,11.26253472
2018.380794,8.796097101
2018.381794,8.79084677
2018.382794,11.37415114
2018.383795,10.57059133
2018.384795,10.71470528
2018.385795,9.113231217
2018.386796,10.15042715
2018.387796,8.743665836
2018.388796,12.35333009
2018.389797,12.62413143
2018.390797,6.841855653
2018.391797,8.65570816
2018.392798,7.50207053
2018.393798,9.175381762
2018.394798,10.28875649
2018.395799,7.536447781
2018.396799,8.572028162
2018.397799,8.387747178
2018.3988,10.79001608
2018.3998,10.49389574
2018.4008,8.891364573
2018.401801,10.6680218
2018.402801,9.20046883
2018.403801,9.729877106
2018.404802,13.59936003
2018.405802,12.9125575
2018.406802,7.611564309
2018.407803,11.84919567
2018.408803,11.79144149
2018.409803,7.850953676
2018.410804,11.76378258
2018.411804,13.18075417
2018.412804,7.838380614
2018.413805,8.226962168
2018.414805,12.07570687
2018.415805,10.56171008
2018.416806,11.09992778
2018.417806,10.65633055
2018.418806,10.73464281
2018.419807,7.278328407
2018.420807,12.00385348
2018.421807,12.22626802
2018.422808,9.406101978
2018.423808,9.755651323
2018.424808,19.94544148
2018.425809,10.82634075
2018.426809,10.91945216
2018.427809,9.628391142
2018.42881,11.97884655
2018.42981,9.039283679
2018.43081,10.81388085
2018.431811,7.622504624
2018.432811,9.591827654
2018.433811,9.267257349
2018.434812,10.04355178
2018.435812,8.83078922
2018.436812,9.283743013
2018.437813,11.17556657
2018.438813,8.626667595
2018.439813,6.263706445
2018.440814,12.95263469
2018.441814,12.19292385
2018.442814,6.821982626
2018.443815,10.76236039
2018.444815,8.353377361
2018.445815,9.862629759
2018.446816,9.900379248
2018.447816,8.819339224
2018.448816,7.69679644
2018.449817,7.859368666
2018.450817,7.384140936
2018.451817,7.528906289
2018.452818,9.034172952
2018.453818,7.712942218
2018.454818,10.48445378
2018.455819,12.07068515
2018.456819,7.911886249
2018.457819,9.526559273
2018.45882,10.02283664
2018.45982,9.943146681
2018.46082,9.126688922
2018.461821,10.43574096
2018.462821,9.890434225
2018.463821,19.61353739
2018.464822,10.61526007
2018.465822,10.62698297
2018.466822,7.301248778
2018.467823,8.879083641
2018.468823,10.14522121
2018.469823,8.335260081
2018.470824,10.87513853
2018.471824,13.43219333
2018.472824,7.107714358
2018.473825,5.892808446
2018.474825,9.237720201
2018.475825,10.04836849
2018.476826,8.118647284
2018.477826,11.46201499
2018.478826,5.853373745
2018.479827,9.891493314
2018.480827,7.268985174
2018.481827,11.89449439
2018.482828,12.41578303
2018.483828,6.872435888
2018.484828,7.2816155
2018.485829,10.07487121
2018.486829,7.556385756
2018.487829,8.214763173
2018.48883,8.331288932
2018.48983,4.416081178
2018.49083,8.202657308
2018.491831,6.825773463
2018.492831,7.193871469
2018.493831,11.04226211
2018.494832,5.616859177
2018.495832,9.731153073
2018.496832,7.521682435
2018.497833,7.494950409
2018.498833,9.610074838
2018.499833,8.684292775
2018.500834,9.120275156
2018.501834,9.890278285
2018.502834,7.266153821
2018.503835,6.679161555
2018.504835,5.708202216
2018.505835,6.202555253
2018.506836,13.726444
2018.507836,10.29249993
2018.508836,5.075885435
2018.509837,5.10802042
2018.510837,8.691580384
2018.511837,8.797300533
2018.512838,8.775473028
2018.513838,7.142740923
2018.514838,7.376704863
2018.515839,8.258348016
2018.516839,7.749366265
2018.517839,3.113987479
2018.51884,7.06801461
2018.51984,5.79984531
2018.52084,7.828144972
2018.521841,13.42332473
2018.522841,8.162876257
2018.523841,6.775982358
2018.524842,9.221797122
2018.525842,8.318746844
2018.526842,8.168762546
2018.527843,8.517503772
2018.528843,11.39214624
2018.529843,4.992567243
2018.530844,8.176922728
2018.531844,5.352241208
2018.532844,8.291405059
2018.533845,5.318415421
2018.534845,6.296496845
2018.535845,6.516526992
2018.536846,9.033851897
2018.537846,8.894675241
2018.538846,4.541916717
2018.539847,7.118842996
2018.540847,5.565477518
2018.541847,4.443329972
2018.542848,6.502049329
2018.543848,6.29490352
2018.544848,24.92853302
2018.545849,7.729489994
2018.546849,4.08425283
2018.547849,5.685903157
2018.54885,8.834227885
2018.54985,10.94440471
2018.55085,3.571659101
2018.551851,2.959933148
2018.552851,10.43791904
2018.553851,7.451475323
2018.554852,4.911972239
2018.555852,7.694179997
2018.556852,1.329844791
2018.557853,6.584564981
2018.558853,7.209986194
2018.559853,8.379471118
2018.560854,4.479783961
2018.561854,6.655654172
2018.562854,4.610194458
2018.563855,6.948635879
2018.564855,4.624062092
2018.565855,5.575502052
2018.566856,4.377085469
2018.567856,7.648065714
2018.568856,8.039837785
2018.569857,5.830902984
2018.570857,6.353895838
2018.571857,3.357580793
2018.572858,5.632823046
2018.573858,6.109249664
2018.574858,11.42879836
2018.575859,3.940903027
2018.576859,9.07088895
2018.577859,8.114022792
2018.57886,6.659423084
2018.57986,9.593311404
2018.58086,6.798277546
2018.581861,6.810458031
2018.582861,5.904049112
2018.583861,8.435657564
2018.584862,8.15976711
2018.585862,4.693863231
2018.586862,3.285193753
2018.587863,5.496279228
2018.588863,4.280798606
2018.589863,5.732545533
2018.590864,8.313274454
2018.591864,18.09008607
2018.592864,5.710615442
2018.593865,5.891369855
2018.594865,7.451336216
2018.595865,1.239934558
2018.596866,4.499640941
2018.597866,6.115027564
2018.598866,8.072127899
2018.599867,4.667766867
2018.600867,1.878160899
2018.601867,6.850477328
2018.602868,4.320212158
2018.603868,3.191581286
2018.604868,4.302297454
2018.605869,5.162107894
2018.606869,4.301937187
2018.607869,1.080660619
2018.60887,7.266390429
2018.60987,8.002573278
2018.61087,6.736532964
2018.611871,3.138884814
2018.612871,4.992142411
2018.613871,5.363055076
2018.614872,6.554762369
2018.615872,6.675034856
2018.616872,3.851291716
2018.617873,18.65242404
2018.618873,6.197089388
2018.619873,8.175778519
2018.620874,6.65486033
2018.621874,6.805782803
2018.622874,5.377254381
2018.623875,8.012561347
2018.624875,5.993321522
2018.625875,3.433884632
2018.626876,7.945177263
2018.627876,6.516733784
2018.628876,4.217442849
2018.629877,4.127263033
2018.630877,5.662233241
2018.631877,5.978400709
2018.632878,5.429681076
2018.633878,5.640896445
2018.634878,8.401494193
2018.635879,7.128084545
2018.636879,5.349807326
2018.637879,6.834814965
2018.63888,2.870924059
2018.63988,5.715725072
2018.64088,8.522504456
2018.641881,4.451943062
2018.642881,3.177033028
2018.643881,3.552512699
2018.644882,2.661938168
2018.645882,3.25631898
2018.646882,4.069590547
2018.647883,1.984362649
2018.648883,17.99915219
2018.649883,6.570211291
2018.650884,2.935416075
2018.651884,7.774896128
2018.652884,5.743441233
2018.653885,6.768676504
2018.654885,3.377634571
2018.655885,6.388273108
2018.656886,2.481405015
2018.657886,6.431949716
2018.658886,4.981447575
2018.659887,5.730718341
2018.660887,2.259607054
2018.661887,2.807370834
2018.662888,5.778815622
2018.663888,2.674646778
2018.664888,5.48487442
2018.665889,1.811441228
2018.666889,6.229456732
2018.667889,2.055590101
2018.66889,5.612902481
2018.66989,5.747368286
2018.67089,3.090505015
2018.671891,5.636182915
2018.672891,4.981234804
2018.673891,3.371026894
2018.674892,2.420101859
2018.675892,0.500601212
2018.676892,5.113935253
2018.677893,1.273953818
2018.678893,4.583314037
2018.679893,3.854937992
2018.680894,5.729471695
2018.681894,3.75659022
2018.682894,3.691424491
2018.683895,5.803844496
2018.684895,5.000146753
2018.685895,4.952415197
2018.686896,5.248856422
2018.687896,1.229540716
2018.688896,5.804772183
2018.689897,5.506788785
2018.690897,2.239288199
2018.691897,3.775444015
2018.692898,4.176088498
2018.693898,3.976955573
2018.694898,4.905063445
2018.695899,7.091620087
2018.696899,6.384111968
2018.697899,1.587981419
2018.6989,5.448550707
2018.6999,6.854418229
2018.7009,4.962459748
2018.701901,6.363245233
2018.702901,8.198417807
2018.703901,6.214039689
2018.704902,4.658132907
2018.705902,6.242739499
2018.706902,4.435537044
2018.707903,4.186918551
2018.708903,3.429787603
2018.709903,7.253099181
2018.710904,2.483224551
2018.711904,7.178780027
2018.712904,5.107889032
2018.713905,1.303818388
2018.714905,4.832153249
2018.715905,13.07878206
2018.716906,5.337181338
2018.717906,5.851515408
2018.718906,2.891382486
2018.719907,4.318386756
2018.720907,7.974958401
2018.721907,3.05065768
2018.722908,15.12740133
2018.723908,7.016959865
2018.724908,7.974782194
2018.725909,4.053129968
2018.726909,6.064951718
2018.727909,6.721420859
2018.72891,2.550100443
2018.72991,3.061213751
2018.73091,6.490487722
2018.731911,7.395837411
2018.732911,5.14879773
2018.733911,2.260791567
2018.734912,7.992083974
2018.735912,2.953718741
2018.736912,3.34324116
2018.737913,4.696206061
2018.738913,7.118022466
2018.739913,5.715982446
2018.740914,4.836248063
2018.741914,4.931738452
2018.742914,4.090992874
2018.743915,5.119202573
2018.744915,0
2018.745915,3.408102383
2018.746916,4.483394985
2018.747916,1.698314751
2018.748916,4.772739362
2018.749917,3.591058107
2018.750917,7.511017786
2018.751917,7.146329697
2018.752918,3.069060972
2018.753918,3.699536543
2018.754918,3.854014662
2018.755919,3.09944661
2018.756919,4.393829209
2018.757919,2.488386651
2018.75892,1.74504949
2018.75992,5.253189749
2018.76092,5.268471322
2018.761921,2.402583134
2018.762921,5.80388559
2018.763921,2.752136843
2018.764922,4.523897765
2018.765922,5.660687626
2018.766922,3.955364011
2018.767923,4.934817631
2018.768923,2.995380203
2018.769923,3.638366911
2018.770924,3.622798584
2018.771924,2.544734777
2018.772924,3.687873689
2018.773925,0.947872345
2018.774925,3.066644612
2018.775925,3.483200368
2018.776926,3.544747025
2018.777926,3.578422576
2018.778926,3.942355598
2018.779927,5.029388979
2018.780927,5.82431727
2018.781927,2.780684891
2018.782928,1.678900707
2018.783928,2.006455315
2018.784928,3.12153446
2018.785929,3.397648058
2018.786929,2.567202962
2018.787929,1.52081995
2018.78893,3.20682336
2018.78993,4.488083307
2018.79093,5.321607121
2018.791931,3.023173028
2018.792931,3.318647
2018.793931,2.298021842
2018.794932,4.095467971
2018.795932,2.468568658
2018.796932,5.318912651
2018.797933,0.608306337
2018.798933,3.468313178
2018.799933,4.797471012
2018.800934,4.570759481
2018.801934,9.597141888
2018.802934,4.9188084
2018.803935,2.219382307
2018.804935,4.044995188
2018.805935,0.692011895
2018.806936,4.092034302
2018.807936,2.595998941
2018.808936,6.101916523
2018.809937,3.181227648
2018.810937,4.056095535
2018.811937,3.027977431
2018.812938,7.786407767
2018.813938,3.675977304
2018.814938,7.993480134
2018.815939,5.966717829
2018.816939,5.312740666
2018.817939,5.096410659
2018.81894,5.157019953
2018.81994,0.524704615
2018.82094,3.833050406
2018.821941,6.092043138
2018.822941,4.314984978
2018.823941,1.613593512
2018.824942,4.330499435
2018.825942,7.854995321
2018.826942,6.95218404
2018.827943,4.346148821
2018.828943,6.384951069
2018.829943,3.761073125
2018.830944,1.098517142
2018.831944,2.669639508
2018.832944,7.656797723
2018.833945,3.995619765
2018.834945,4.069560256
2018.835945,3.969510149
2018.836946,8.390453581
2018.837946,7.847227112
2018.838946,9.046133128
2018.839947,4.303879598
2018.840947,5.226749802
2018.841947,1.615879444
2018.842948,7.616829487
2018.843948,2.341329453
2018.844948,5.124498882
2018.845949,2.510532621
2018.846949,3.541724107
2018.847949,3.059382579
2018.84895,3.532735626
2018.84995,3.684947897
2018.85095,3.681490738
2018.851951,6.459658459
2018.852951,2.598354049
2018.853951,5.264377584
2018.854952,7.274553624
2018.855952,3.827708069
2018.856952,3.433852772
2018.857953,4.42435472
2018.858953,7.260690846
2018.859953,5.305414564
2018.860954,3.870851371
2018.861954,5.917235071
2018.862954,2.761219787
2018.863955,6.344965289
2018.864955,5.816022281
2018.865955,4.399870682
2018.866956,3.355113888
2018.867956,3.275838739
2018.868956,6.135866926
2018.869957,7.541340825
2018.870957,3.826027112
2018.871957,6.034793338
2018.872958,0.961457069
2018.873958,3.983879982
2018.874958,5.108714379
2018.875959,3.369293978
2018.876959,3.33358769
2018.877959,3.889091306
2018.87896,5.827195495
2018.87996,4.886420542
2018.88096,0.802992853
2018.881961,1.05653923
2018.882961,4.102800138
2018.883961,6.250600634
2018.884962,0
2018.885962,4.373476116
2018.886962,4.339451304
2018.887963,8.187736151
2018.888963,4.660232825
2018.889963,6.215571787
2018.890964,5.75152622
2018.891964,1.227397089
2018.892964,7.044561804
2018.893965,5.958656144
2018.894965,6.564213836
2018.895965,13.42006227
2018.896966,1.419367371
2018.897966,9.057088244
2018.898966,5.052996107
2018.899967,6.222838865
2018.900967,5.577539383
2018.901967,4.840566128
2018.902968,4.569939152
2018.903968,6.389279175
2018.904968,2.716660672
2018.905969,7.273001606
2018.906969,4.96037769
2018.907969,3.553638246
2018.90897,4.934847999
2018.90997,8.370354471
2018.91097,4.806652882
2018.911971,6.615581167
2018.912971,4.458195265
2018.913971,7.457467568
2018.914972,7.334236713
2018.915972,9.682116731
2018.916972,5.655528609
2018.917973,7.36580229
2018.918973,6.246541825
2018.919973,8.664141392
2018.920974,4.656800285
2018.921974,7.606618196
2018.922974,5.74942989
2018.923975,6.032738565
2018.924975,6.36698297
2018.925975,6.710393636
2018.926976,5.995960475
2018.927976,6.68042063
2018.928976,9.429875176
2018.929977,8.267251428
2018.930977,8.05744154
2018.931977,5.430900003
2018.932978,4.586409598
2018.933978,8.298469165
2018.934978,8.163002114
2018.935979,9.379353137
2018.936979,5.249215655
2018.937979,6.021305665
2018.93898,3.224720752
2018.93998,5.742092076
2018.94098,8.54357871
2018.941981,5.640907596
2018.942981,21.06577724
2018.943981,6.239981556
2018.944982,7.292728713
2018.945982,17.5603146
2018.946982,6.86244703
2018.947983,0.733540901
2018.948983,6.365855969
2018.949983,3.502587031
2018.950984,9.199456631
2018.951984,8.366264283
2018.952984,7.768820475
2018.953985,9.901565902
2018.954985,4.985840396
2018.955985,23.58996622
2018.956986,8.796427892
2018.957986,6.483183614
2018.958986,9.251825138
2018.959987,4.792328746
2018.960987,5.380257686
2018.961987,5.836515148
2018.962988,6.020185148
2018.963988,4.989507665
2018.964988,9.573306922
2018.965989,6.633984306
2018.966989,7.881288875
2018.967989,6.060194577
2018.96899,3.584340649
2018.96999,7.790342502
2018.97099,3.450427988
2018.971991,7.162408645
2018.972991,4.587813123
2018.973991,11.32378835
2018.974992,9.196780655
2018.975992,20.79780868
2018.976992,9.951179486
2018.977993,5.756024273
2018.978993,8.560526863
2018.979993,7.898121648
2018.980994,8.051493429
2018.981994,10.09313158
2018.982994,9.038397934
2018.983995,8.175867057
2018.984995,4.313666727
2018.985995,5.728385752
2018.986996,7.428111105
2018.987996,7.885337248
2018.988996,5.463260484
2018.989997,12.57210763
2018.990997,10.80663867
2018.991997,9.00319241
2018.992998,7.968142643
2018.993998,7.424771083
2018.994998,5.970478162
2018.995999,8.054407144
2018.996999,8.440086185
2018.997999,5.46619793
2018.999,8.643211878
2019,7.689481902